101;Wearing an ankle brace will not help heal achilles tendonitis.;Wearing an ankle brace won't help heal Achilles tendonitis.;An ankle brace will not help heal Achilles tendonitis.;Wearing an ankle brace does not help heal Achilles tendonitis.
102;A tepid sponge bath is not a good way to reduce fever in children.;A tepid sponge bath is not a good way to reduce the fever in children.;A tepid sponge bath is not a good way to reduce children's fever.;A tepid sponge bath is not a good way to reduce a child's fever.;In children, a tepid sponge bath is not a good way to reduce the fever.;In children, a tepid sponge bath is not a good way to reduce fever.;A tepid sponge bath is not a good way to reduce the risk of infection in children.;A tepid sponge bath is not a good way to reduce the flu in children.
103;Folic acid can not help improve cognition and treat dementia.;Folic acid can't help improve cognition and treat dementia.;Folic acid cannot help improve cognition and treat dementia.;Folic acid can't help improve cognition or treat dementia.;Folic acid does not help improve cognition and treat dementia.;Folic acid may not help improve cognition or treat dementia.;Folic acid may not help improve cognition and treat dementia.
104;Duct tape does not work for wart removal.;Duct tape doesn't work for wart removal.;Tip: Duct tape does not work for wart removal.;Duct tape does not work properly for wart removal.;Duct tape does not work well for wart removal.;Duct tape doesn't work well for wart removal.;Duct tape cannot be used for wart removal.;Duct tape does not remove warts.
105;I should not apply ice to a burn.;I should not apply ice to a burned.;I shouldn't apply ice to a burn.;Ice should not be applied to a burn.;I should never apply ice to a burn.;I would not apply ice to a burn.;I should not apply ice to a burn, though.;I do not apply ice to a burn.
106;Vitamin b12 and sun exposure can together help treat vitiligo.;Vitamin B12 and sun exposure can help together treat vitiligo.;Together, vitamin b12 and sun exposure can help treat vitiligo.;Vitamin B12 and sun exposure can help treat vitiligo together.
107;Yoga does improve the management of asthma.;Yoga actually improves the management of asthma.;Yoga really improves the management of asthma.;Yoga also improves the management of asthma.;Yoga is beneficial in the management of asthma.;Yoga improves the management of asthma.;Yoga helps improve the management of asthma.;Yoga can improve the management of asthma.
108;Starving a fever is not effective.;Starvation of a fever is not effective.;Starving a fever is not an effective treatment.;It is not effective to starve a fever.;Having a fever doesn't help you fight it.
109;Selenium does not help prevent cancer.;Selenium does not prevent cancer.;Selenium does not help prevent cancer progression.;Selenium is not a good antioxidant and does not prevent cancer.;Selenium also does not prevent cancer.;Selenium does not help prevent cancer, however.;Selenium does not prevent cancer, however.
110;Taking birth control pills will not treat an ovarian cyst.;Taking birth control pills won't treat an ovarian cyst.;Birth control pills will not treat an ovarian cyst.;Dose of birth control pills will not treat an ovarian cyst.;Taking birth control drugs will not treat an ovarian cyst.;Taking birth control pills does not treat an ovarian cyst.;Contraception pills will not treat an ovarian cyst.;Pregnant women taking birth control pills will not treat an ovarian cyst.
111;Taking zinc supplements will not improve pregnancy.;Zinc supplementation will not improve pregnancy.;Zinc supplements will not improve pregnancy.;Zinc-containing supplements will not improve pregnancy.;Zinc - Supplementation will not improve pregnancy.;Zinc - Supplements will not improve pregnancy.;Zinc supplementation does not improve pregnancy.;Zinc supplements do not improve pregnancy.;Zinc - Supplements do not improve pregnancy.
112;Evening primrose oil can not help treat eczema.;Evening primrose oil can't help treat eczema.;Evening primrose oil cannot help treat eczema.;Evening primrose oil does not help treat eczema.;Evening primrose oil may not help treat eczema.
113;Ankle braces do help heal an ankle fracture.;The ankle braces do help heal an ankle fracture.;Ankle braces can help heal an ankle fracture.;Ankle braces may help heal an ankle fracture.;Ankle braces actually help heal an ankle fracture.;Ankle braces also help heal an ankle fracture.;Ankle braces help heal an ankle fracture.;Ankle braces really do help heal an ankle fracture.
114;Applying vitamin E cream can not remove skin scars.;Applying vitamin E cream can't remove skin scars.;Applying vitamin E cream cannot remove skin scars.;Applying vitamin E cream can't remove scars from the skin.;Applying vitamin E cream cannot remove scars from the skin.;Applying vitamin E cream does not remove skin scars.;Applying vitamin E cream can't remove the scars on the skin.;Applying vitamin E cream cannot remove the scars on the skin.
115;Magnesium can help prevent migraine.;Magnesium can help prevent migraines.;Magnesium may help prevent migraine.;Magnesium may help prevent migraines.;Magnesium can prevent migraine.;Magnesium is known to help prevent migraine.;Magnesium has been shown to prevent migraine.;Magnesium also helps prevent migraine.
116;Exercise does help manage diabetes.;Exercise does help with diabetes.;Exercise can help manage diabetes.;Exercise can help with diabetes.;Exercise helps to manage diabetes.;Exercise helps with diabetes.;Exercise can help you manage your diabetes.;Exercise helps you manage your diabetes.
117;Fermented milk can not help mitigate high blood pressure.;Fermented milk can't help alleviate high blood pressure.;Fermented milk does not help lower blood pressure.;Fermented milk is not an effective treatment for high blood pressure.;Fermented milk is not an effective treatment for hypertension.
118;Dupixent can treat eczema.;Dupixent may treat eczema.;Dupixent can be used to treat eczema.;Dupixent has been shown to treat eczema.;Dupixent can treat eczema effectively.;Dupixent can effectively treat eczema.;Dupixent can also treat eczema.;Dupixent can treat eczema with ease.
119;Yoga does help reduce pain from arthritis and improve physical function.;Yoga does help reduce the pain from arthritis and improve physical function.;Yoga does help reduce arthritis pain and improve physical function.;Yoga helps reduce the pain from arthritis and improve physical function.;Yoga helps reduce the pain of arthritis and improve physical function.;Yoga helps reduce pain from arthritis and improve physical function.;Yoga can help reduce the pain from arthritis and improve physical function.;Yoga helps reduce arthritis pain and improve physical function.
120;The drug Imitrex (sumatriptan) can treat acute migraine attacks.;The drug Sumatriptan (Imitrex) can treat acute migraine attacks.;The drug Imitrex (sumatriptan) can treat migraine attacks.;Imitrex (sumatriptan) is a drug that can treat acute migraine attacks.;Imitrex (sumatriptan) can treat acute migraine attacks.
121;Buying a light therapy lamp will help treat depression.;Buying a light therapy lamp will help to treat depression.;Buying a light therapy lamp will help you treat depression.;Buying a lamp for light therapy will help treat depression.;Buying a light therapy lamp will help with depression.;Buying a light therapy lamp can help treat depression.;Buy a light therapy lamp to help treat depression.;Buy a light therapy lamp to treat depression.
122;Aleve does not relieve migraine headaches.;Aleve doesn't relieve migraine headaches.;Aleve does not alleviate migraine headaches.;Aleve does not relieve headache headaches.;Aleve doesn't relieve headache headaches.;Aleve does not relieve headaches.;Aleve also does not relieve migraine headaches.
123;I can not get rid of a pimple overnight by applying toothpaste.;I can't get rid of a pimple overnight by applying toothpaste.;I cannot get rid of a pimple overnight by applying toothpaste.;I can't get rid of a pimple overnight with toothpaste.;I am not able to get rid of a pimple overnight by applying toothpaste.;overnight I can't get rid of a pimple by applying toothpaste.;overnight, I can't get rid of a pimple by applying toothpaste.;Secondly, I can't get rid of a pimple overnight by applying toothpaste.
124;Chondroitin can help relieve the pain of osteoarthritis.;Chondroitin can help alleviate the pain of osteoarthritis.;Chondroitin can help to relieve the pain of osteoarthritis.;Chondroitin may help relieve the pain of osteoarthritis.;Chondroitin can help relieve pain of osteoarthritis.;Chondroitin may help relieve pain of osteoarthritis.;Chondroitin can relieve the pain of osteoarthritis.;Chondroitin can help relieve osteoarthritis pain.
125;Omega-3 can help manage hypertriglyceridemia.;Omega-3 can help to manage hypertriglyceridemia.;Omega-3 may help manage hypertriglyceridemia.;Omega-3 could help manage hypertriglyceridemia.;Omega-3 can help with hypertriglyceridemia.;Omega-3 may help to manage hypertriglyceridemia.;Omega-3 may help with hypertriglyceridemia.;Omega-3 can help prevent hypertriglyceridemia.
126;Probiotics can prevent respiratory infections.;Probiotics may prevent respiratory infections.;Probiotics can prevent infections of the respiratory tract.;Probiotics can prevent the development of respiratory infections.;Probiotics can prevent bacterial respiratory infections.;Probiotics can prevent viral respiratory infections.;Probiotics prevent respiratory infections.;Probiotics also prevent respiratory infections.
127;Aromatherapy massage can help manage rheumatoid arthritis.;Aromatherapy massage can help to manage rheumatoid arthritis.;Aromatherapy massage can help treat rheumatoid arthritis.;Aromatherapy massage can help with rheumatoid arthritis.;Aromatherapy massage may help manage rheumatoid arthritis.;Aromatherapy massage may help with rheumatoid arthritis.;Aromatherapy massage can help relieve rheumatoid arthritis.
128;Steam from a shower does not help croup.;Steam from a shower doesn't help croup.;Steam from the shower doesn't help croup.;Steam from a shower doesn't help the croup.;Steam from the shower doesn't help the croup.;Steaming from a shower doesn't help croup.;Steam from the shower didn't help the croup.;Steaming from a shower doesn't help the croup.
129;Minoxidil can treat hair loss.;Minoxidil may treat hair loss.;Minoxidil treatment can treat hair loss.;Minoxidil can be used to treat hair loss.;Minoxidil has been shown to treat hair loss.;Minoxidil can also treat hair loss.;Minoxidil may also treat hair loss.;Minoxidil also can treat hair loss.
130;The Hoxsey treatment is not a good cure for cancer.;The Hoxsey - treatment is not a good cure for cancer.;Hoxsey's treatment is not a good cure for cancer.;The Hoxsey treatment is not a great cure for cancer.;The treatment of Hoxsey is not a good cure for cancer.;Hoxsey treatment is not a good cure for cancer.;The Hoxsey treatment is not a good treatment for cancer.
131;L-theanine supplements can reduce stress and anxiety.;L-theanine supplements can reduce anxiety and stress.;L-theanine - Supplements can reduce stress and anxiety.;L-theanine - Supplements can reduce anxiety and stress.;L-theanine supplements may reduce stress and anxiety.;L-theanine supplementation can reduce stress and anxiety.;L-theanine - Supplements may reduce stress and anxiety.;L-theanine - Supplements may reduce anxiety and stress.
132;Inhaling steam does not help treat common cold.;Steam inhalation does not help treat common cold.;Inhaling steam does not help treat the common cold.;Steam inhalation does not help treat the common cold.;Steam inhalation does not help to treat the common cold.;Steaming inhaling steam does not help treat the common cold.;Steam inhaling does not help treat the common cold.;Steaming inhalation does not help treat the common cold.;Steam inhalation does not help with the common cold.
133;Exercise does improve the symptoms of depression.;Exercise improves the symptoms of depression.;Exercise improves depression symptoms.;Exercise has been shown to improve the symptoms of depression.;Exercise also improves the symptoms of depression.;Exercise can improve the symptoms of depression.
134;I can not remove a tick by covering it with Vaseline.;I cant remove a tick by covering it with Vaseline.;I can't remove a tick by covering it with Vaseline.;I cannot remove a tick by covering it with Vaseline.;I can't remove a tick, by covering it with Vaseline.;I am unable to remove a tick by covering it with Vaseline.;I am not able to remove a tick by covering it with Vaseline.;I'm not able to remove a tick by covering it with Vaseline.
135;Applying mayonnaise can not help get rid of lice.;Applying mayonnaise cannot help get rid of lice.;Applying mayonnaise can't help get rid of lice.;Applying mayonnaise won't help get rid of lice.;Applying mayonnaise doesn't help get rid of lice.;Applying mayonnaise does not help get rid of lice.;Applying mayonnaise will not help get rid of lice.
136;Eating dates can help manage iron deficiency anemia.;Eating dates can help to manage iron deficiency anemia.;Eating dates may help manage iron deficiency anemia.;Eating dates can help manage anemia with iron deficiency.;Eating dates can help manage anemia associated with iron deficiency.;Eating dates can help manage anemia induced by iron deficiency.;Eating dates can help manage anemia caused by iron deficiency.;Eating dates can help manage anemia due to iron deficiency.
137;Drinking vinegar will not dissolve a stuck fish bone.;Drinking vinegar will not dissolve a stuck bone of fish.;Drinking vinegar will not dissolve a stuck bone in the fish.;Drinking vinegar does not dissolve a stuck fish bone.;Vinegar will not dissolve a stuck fish bone.;Vinegar will not dissolve a stuck bone of fish.;Vinegar does not dissolve a stuck fish bone.;If you drink vinegar, it will not dissolve a stuck fish bone.
138;Zinc can help treat the common cold.;Zinc can help to treat the common cold.;Zinc may help treat the common cold.;Zinc can help cure the common cold.;Zinc can help with the common cold.;Zinc has been shown to help treat the common cold.;Zinc can also help treat the common cold.;Zinc may also help treat the common cold.
139;Copper bracelets can not reduce the pain of arthritis.;Copper bracelets cannot reduce the pain of arthritis.;Copper bracelets can't reduce the pain of arthritis.;Copper bracelets can't reduce the arthritis pain.;Copper bracelets can't reduce arthritis pain.;Copper bracelets do not reduce the pain of arthritis.;Copper bracelets may not reduce the pain of arthritis.
140;Fungal creams can treat athlete's foot.;Fungal creams can treat athlete's foot;Fungal creams can treat the athlete's foot.;Fungal - creams can treat athlete's foot.;Fungal creams may treat athlete's foot.;Fungal creams can treat athlete foot.;Fungal creams can treat athlete's foot. Fungal creams can treat athlete's foot.
141;Cocoa butter does not help reduce pregnancy stretch marks.;Cocoa butter does not help reduce stretch marks in pregnancy.;Cocoa butter does not help reduce stretch marks during pregnancy.;Cocoa butter does not help reduce stretch marks in the pregnancy.;Cocoa butter does not reduce stretch marks in pregnancy.;The body's own cocoa butter does not help reduce pregnancy stretch marks.;Cocoa butter does not reduce pregnancy stretch marks.;Cocoa butter does not reduce stretch marks during pregnancy.
142;Probiotics can prevent diarrhea caused by antibiotics in children.;Probiotics can prevent diarrhea caused in children by antibiotics.;Probiotics may prevent diarrhea caused by antibiotics in children.;In children, probiotics can prevent diarrhea caused by antibiotics.;Probiotics in children can prevent diarrhea caused by antibiotics.;Probiotics can prevent the diarrhea caused by antibiotics in children.;In children, probiotics can prevent the diarrhea caused by antibiotics.;Probiotics prevent diarrhea caused by antibiotics in children.
143;Tylenol does manage the symptoms of osteoarthritis.;Tylenol does manage the osteoarthritis symptoms.;Tylenol does manage osteoarthritis symptoms.
144;Music therapy can help manage depression.;Music therapy can help to manage depression.;Music therapy can help with depression.;Music therapy may help manage depression.;Music therapy can help you manage depression.;Music therapy can help alleviate depression.;Music therapy may help to manage depression.;Music therapy may help with depression.
145;Omega-3 can treat borderline personality disorder in women.;Omega-3 can treat a borderline personality disorder in women.;Omega-3 may treat borderline personality disorder in women.;Omega-3 can treat the borderline personality disorder in women.;Omega-3 may treat the borderline personality disorder in women.;Omega-3 may treat a borderline personality disorder in women.;Omega-3 can help treat borderline personality disorder in women.
146;Vitamin D supplements can improve the management of asthma.;Vitamin D supplements can improve the treatment of asthma.;Vitamin D supplementation can improve the management of asthma.;Vitamin D - Supplements can improve the management of asthma.;Vitamin D supplementation can improve the treatment of asthma.;Vitamin D supplements may improve the management of asthma.;Vitamin D - Supplements may improve the management of asthma.;Vitamin D supplementation may improve the management of asthma.
147;Feeding soy formula to my baby will not prevent the development of allergies.;Feeding soy formula to my baby won't prevent the development of allergies.;Feeding soy formula to my baby will not prevent the development of allergy.;Feeding soy formula to my baby will not prevent the development of allergic reactions.;Feeding soy formula to my baby won't prevent the development of allergic reactions.;My baby's feeding of soy formula will not prevent the development of allergic reactions.;I've been told that feeding my baby soy formula won't prevent the development of allergic reactions.;I am so very disappointed with the way this baby is being fed soy formula.
148;Chitosan does not help lose body weight.;Chitosan does not help lose weight.;Chitosan does not help to lose body weight.;Chitosan does not help you lose body weight.;Chitosan does not help to lose weight.;Chitosan does not help you lose weight.;Chitosan does not help weight loss.;Chitosan also does not help you lose weight.
149;At-home exercises will manage hip osteoarthritis pain.;At-home exercises will help manage hip osteoarthritis pain.;At-home exercise will manage hip osteoarthritis pain.;At-home exercises will ease hip osteoarthritis pain.;At-home exercises will relieve hip osteoarthritis pain.;At-home exercises will reduce hip osteoarthritis pain.;At-home exercises can help manage hip osteoarthritis pain.;At-home exercises will help reduce hip osteoarthritis pain.
150;Taking antioxidant supplements will not treat fertility problems.;Antioxidant supplementation will not treat fertility problems.;Taking antioxidants will not treat fertility problems.;Antioxidant supplements will not treat fertility problems.;Antioxidant supplements will not treat problems with the fetus.;Taking antioxidant supplements will not treat problems with the fetus.;Antioxidant supplementation will not treat problems with the fetus.;Taken together, taking antioxidants will not treat the problems of the fetus.
